,Joyce St NB Cyclists2014,Key Bridge East Cyclists2014,MVT Airport South Cyclists2014,TR Island Cyclists2014,WOD Bon Air East Cyclists2014,WOD East Falls Church Cyclists2014,Best guess:
Joyce St NB Cyclists2014,3.31151488112e-14,38.8926543264,30.1550712887,42.7033702566,34.0747058698,85.7644096664,MVT Airport South Cyclists2014
Key Bridge East Cyclists2014,20.7938143526,1.30716664057e-14,22.5896336088,35.1251494996,53.0436835643,56.8255199492,Joyce St NB Cyclists2014
MVT Airport South Cyclists2014,14.1509682872,16.2418974564,2.51384712668e-14,17.3028264188,36.0197801238,65.3817056094,Joyce St NB Cyclists2014
TR Island Cyclists2014,18.8566978324,18.103082691,10.5806488788,1.13129249115e-14,17.0176467791,33.5922053708,MVT Airport South Cyclists2014
WOD Bon Air East Cyclists2014,22.7438281532,29.5583989908,15.3929659865,19.160449558,1.38883674205e-14,52.5824595701,MVT Airport South Cyclists2014
WOD East Falls Church Cyclists2014,15.9611405881,23.7791664986,25.0998281977,25.4061118696,29.6257356428,1.78916078626e-14,Joyce St NB Cyclists2014
