,Custis Rosslyn Cyclists2014,Key Bridge West Cyclists2014,LLYN2014,LMET2014,Best guess:
Custis Rosslyn Cyclists2014,1.07894398609e-13,14.7701054536,41.3337188559,35.2179186712,Key Bridge West Cyclists2014
Key Bridge West Cyclists2014,17.9588030113,1.40561033221e-13,41.4267194128,31.5913983014,Custis Rosslyn Cyclists2014
LLYN2014,32.899657445,20.8155670557,1.39678917805e-13,4.14578650547,LMET2014
LMET2014,41.1795984003,25.7660920094,8.24104779866,1.04007949157e-13,LLYN2014
