,Joyce St NB Cyclists2014,Key Bridge East Cyclists2014,MVT Airport South Cyclists2014,TR Island Cyclists2014,WOD Bon Air East Cyclists2014,WOD East Falls Church Cyclists2014,Best guess:
Joyce St NB Cyclists2014,2.94356878322e-14,31.0689683323,17.668708478,25.6458642059,26.0147414023,75.4386986722,MVT Airport South Cyclists2014
Key Bridge East Cyclists2014,15.4123954113,9.04559315272e-14,27.1553954045,35.580913832,58.2191082612,89.0833334513,Joyce St NB Cyclists2014
MVT Airport South Cyclists2014,11.1750377189,19.372912722,5.90207586263e-14,23.3739565446,25.7680260211,49.7947429797,Joyce St NB Cyclists2014
TR Island Cyclists2014,12.3991880649,16.8581141898,7.53189850899,7.5000502191e-14,14.8282187803,36.9828660456,MVT Airport South Cyclists2014
WOD Bon Air East Cyclists2014,19.6574126815,28.5043796418,13.4482760401,26.1825776789,5.86397735531e-14,48.3834362148,MVT Airport South Cyclists2014
WOD East Falls Church Cyclists2014,14.6081301767,24.571000036,23.1682925052,23.1533781311,28.3678406788,4.70293692388e-14,Joyce St NB Cyclists2014
