,ALEX2014,Berri12014,COBY2014,CSC2014,Maisonneuve_12014,Maisonneuve_22014,ORPY2014,Parc2014,Totem_Laurier2014,Best guess:
ALEX2014,1.19964348652e-13,12.065343597,5.20888548707,18.569843812,17.1906358063,26.7066779097,23.6007528712,27.6335779098,15.7208144405,COBY2014
Berri12014,11.9177323835,8.86267087576e-15,11.8355258075,9.60890953523,5.72855934367,11.1262033459,31.6296028073,14.6070238907,9.83333662496,Maisonneuve_12014
COBY2014,15.2764021867,19.1302313953,3.47367779001e-14,27.8098588906,23.6247930294,28.323352625,33.0563108136,33.6865180302,21.891932173,ALEX2014
CSC2014,16.4615099301,9.69874906244,18.6608495468,2.97319091809e-14,8.1094464901,12.8976147588,41.3830187619,13.9262234808,9.7868298108,Maisonneuve_12014
Maisonneuve_12014,15.171223384,5.35483184878,16.8607956422,7.14071261339,2.83956137486e-14,6.34675769657,38.9699940224,10.5662500976,9.34772430834,Berri12014
Maisonneuve_22014,18.4036078635,6.0876571738,18.7801902808,10.2924233372,3.9139793573,5.61435802392e-14,46.6265322624,9.03298303062,8.71185866926,Maisonneuve_12014
ORPY2014,12.4435059536,18.7057918966,7.83149102367,25.7593064788,25.7652795819,37.5977079658,9.76169195241e-14,37.0901184207,23.3536558728,COBY2014
Parc2014,17.9716322834,11.8830399467,22.0073141522,5.61382326246,7.26449484582,5.26324679704,43.8262712866,1.87959904839e-14,10.651624049,Maisonneuve_22014
Totem_Laurier2014,22.1925931988,13.6975225457,19.4287965456,17.9283665154,13.0267067318,13.1178794339,53.0016521069,16.2555215414,8.7596981051e-14,Maisonneuve_12014
