,CRTZ2014,Mirabel Cyclists2014,PierDup2014,Best guess:
CRTZ2014,3.81206030594e-14,223.541101631,82.268911286,PierDup2014
Mirabel Cyclists2014,22.120606019,2.85714285714,24.4237711953,CRTZ2014
PierDup2014,13.7418740396,115.004453927,2.94120416435e-14,CRTZ2014
