,ALEX2014,Berri12014,COBY2014,CSC2014,Maisonneuve_12014,Maisonneuve_22014,ORPY2014,Parc2014,Totem_Laurier2014,Best guess:
ALEX2014,5.49836597987e-14,12.5939534257,5.70863487122,18.0142522227,16.893675899,30.4297328438,21.9401141043,28.3035100575,16.9117510461,COBY2014
Berri12014,11.0783448015,3.61324274166e-14,11.5161258968,8.82046608776,5.62013793778,12.6295721415,29.7763854821,14.3412532371,9.77320427296,Maisonneuve_12014
COBY2014,14.2992512659,19.2534083241,5.30700773473e-14,27.0129465062,24.6288903946,30.7205054906,30.0360563064,35.0074134988,22.2567015598,ALEX2014
CSC2014,15.7555872571,11.1568462636,18.3051031019,2.1623206677e-14,9.25408434304,19.8727154335,39.1961054467,18.3656904413,10.9714382582,Maisonneuve_12014
Maisonneuve_12014,14.3946072378,5.14946310985,16.3018141921,6.4797994882,2.89313800457e-14,8.5167437337,36.586716813,10.6593173027,8.8876911621,Berri12014
Maisonneuve_22014,18.0547018742,5.7831793839,17.3805582613,10.9857394817,4.68781515857,9.6160812963e-14,43.8773688432,8.43688921216,8.01475264519,Maisonneuve_12014
ORPY2014,12.69899154,18.8588130739,7.339252559,26.8361783065,26.1325767454,39.4735498486,1.32480105068e-13,37.4102749437,24.6137607195,COBY2014
Parc2014,17.3958169195,11.8697618143,20.9511502278,5.94255166797,7.28169187176,6.04120280412,42.4712359064,3.50519822537e-14,9.59972931669,CSC2014
Totem_Laurier2014,21.1451186259,13.2860853172,19.3145996621,17.1417533881,13.170833455,14.267618658,49.0101581927,15.8980006217,1.01073439674e-13,Maisonneuve_12014
