,Joyce St NB Cyclists2014,Key Bridge East Cyclists2014,MVT Airport South Cyclists2014,TR Island Cyclists2014,WOD Bon Air East Cyclists2014,WOD East Falls Church Cyclists2014,Best guess:
Joyce St NB Cyclists2014,2.75959573427e-14,19.2530414715,15.229569342,24.9646884811,22.5999710569,76.3583612934,MVT Airport South Cyclists2014
Key Bridge East Cyclists2014,13.2221995907,1.26533730807e-13,26.7865795609,38.5522131731,54.5956274321,101.970508955,Joyce St NB Cyclists2014
MVT Airport South Cyclists2014,11.3835584691,17.6750217442,6.22996896611e-14,22.5202660226,24.6376084605,61.7109832481,Joyce St NB Cyclists2014
TR Island Cyclists2014,11.0723694686,16.05078097,7.22628826864,1.55447968228e-13,16.4970570845,38.8125420879,MVT Airport South Cyclists2014
WOD Bon Air East Cyclists2014,18.0935331596,27.6474958653,13.2939249878,24.6074009565,1.50200121732e-13,51.3636851769,MVT Airport South Cyclists2014
WOD East Falls Church Cyclists2014,16.8656005744,22.9267063985,18.1827689364,25.5584480581,22.7804451565,3.88503485016e-14,Joyce St NB Cyclists2014
