,Custis Rosslyn Cyclists2014,Key Bridge West Cyclists2014,LLYN2014,LMET2014,Best guess:
Custis Rosslyn Cyclists2014,1.74828886635e-14,15.2439539939,62.0462165455,53.4378424898,Key Bridge West Cyclists2014
Key Bridge West Cyclists2014,19.0809125754,2.75423646175e-14,53.483313365,46.0477557911,Custis Rosslyn Cyclists2014
LLYN2014,57.1242346034,31.6173085548,1.5713878253e-14,4.15318207428,LMET2014
LMET2014,73.7459753202,46.5923921846,10.7764906124,4.7509803936e-14,LLYN2014
