,Joyce St NB Cyclists2014,Key Bridge East Cyclists2014,MVT Airport South Cyclists2014,TR Island Cyclists2014,WOD Bon Air East Cyclists2014,WOD East Falls Church Cyclists2014,Best guess:
Joyce St NB Cyclists2014,2.88224443357e-14,20.6105736384,14.6777407838,20.5536637475,21.9633097824,76.2633994482,MVT Airport South Cyclists2014
Key Bridge East Cyclists2014,13.4690642397,1.20782197588e-13,26.7828579044,38.6770741655,54.5237609146,94.2973908574,Joyce St NB Cyclists2014
MVT Airport South Cyclists2014,9.9838838882,18.266173703,5.90207586263e-14,18.9177185679,24.6807164195,62.373296187,Joyce St NB Cyclists2014
TR Island Cyclists2014,10.1193825731,16.4422711301,7.08953018916,1.53352982133e-13,16.4096152421,39.9744009869,MVT Airport South Cyclists2014
WOD Bon Air East Cyclists2014,17.3431728786,28.0685639848,13.4002539953,25.0242128635,1.39912442162e-13,51.3518526727,MVT Airport South Cyclists2014
WOD East Falls Church Cyclists2014,16.3983447202,23.2747908462,18.6309099335,18.718477551,23.6189851677,3.22048941527e-14,Joyce St NB Cyclists2014
