,Joyce St NB Cyclists2014,Key Bridge East Cyclists2014,MVT Airport South Cyclists2014,TR Island Cyclists2014,WOD Bon Air East Cyclists2014,WOD East Falls Church Cyclists2014,Best guess:
Joyce St NB Cyclists2014,2.51429833567e-14,19.0619261957,15.2670994201,25.0487453987,23.216314804,75.3216698694,MVT Airport South Cyclists2014
Key Bridge East Cyclists2014,14.4798373808,1.27056597463e-13,26.7385477708,37.7099650892,54.2541598788,104.011129953,Joyce St NB Cyclists2014
MVT Airport South Cyclists2014,13.2215712042,17.7867307534,7.21364827655e-14,22.1281889606,24.9149621958,63.3942010532,Joyce St NB Cyclists2014
TR Island Cyclists2014,11.9086009273,15.849306506,7.46412161092,1.57961951542e-13,16.5376845979,47.8854751203,MVT Airport South Cyclists2014
WOD Bon Air East Cyclists2014,18.8845992405,27.682077436,13.3495311675,24.4771217311,1.59973417325e-13,50.7159478799,MVT Airport South Cyclists2014
WOD East Falls Church Cyclists2014,18.4701308792,23.062787745,18.4803720212,25.6974260936,22.3598193442,4.19174812781e-14,Joyce St NB Cyclists2014
