,CRTZ2014,Mirabel Cyclists2014,PierDup2014,Best guess:
CRTZ2014,3.95867801001e-14,199.768420772,63.5580707371,PierDup2014
Mirabel Cyclists2014,23.3160057688,2.85714285714,15.76871921,PierDup2014
PierDup2014,15.4745067043,102.27953334,5.80794746378e-14,CRTZ2014
