,CRTZ2014,Mirabel Cyclists2014,PierDup2014,Best guess:
CRTZ2014,3.95867801001e-14,179.782714223,64.608266874,PierDup2014
Mirabel Cyclists2014,23.6536026262,2.85714285714,15.454340341,PierDup2014
PierDup2014,15.9963608747,101.748831113,6.66424741036e-14,CRTZ2014
