,CRTZ2014,Mirabel Cyclists2014,PierDup2014,Best guess:
CRTZ2014,3.95867801001e-14,184.513263186,67.1137206878,PierDup2014
Mirabel Cyclists2014,24.3558373043,2.85714285714,15.5609689218,PierDup2014
PierDup2014,15.7757053831,103.052955263,9.45652984487e-14,CRTZ2014
