,Custis Rosslyn Cyclists2014,Key Bridge West Cyclists2014,LLYN2014,LMET2014,Best guess:
Custis Rosslyn Cyclists2014,1.05396843086e-13,14.3806289283,40.5865409842,34.1325391942,Key Bridge West Cyclists2014
Key Bridge West Cyclists2014,17.9987022261,1.31538534467e-13,41.1895818128,30.8798906116,Custis Rosslyn Cyclists2014
LLYN2014,29.1104429299,17.706122114,1.23965039552e-13,4.61664638946,LMET2014
LMET2014,39.3619890946,23.6871379815,8.85752961956,1.14708355449e-13,LLYN2014
