,CRTZ2014,Mirabel Cyclists2014,PierDup2014,Best guess:
CRTZ2014,3.95867801001e-14,193.315430541,70.2321217486,PierDup2014
Mirabel Cyclists2014,24.1049501993,2.85714285714,16.6241094639,PierDup2014
PierDup2014,16.9530398215,105.067786156,9.64268200717e-14,CRTZ2014
