,Custis Rosslyn Cyclists2014,Key Bridge West Cyclists2014,LLYN2014,LMET2014,Best guess:
Custis Rosslyn Cyclists2014,9.44075987828e-14,13.6557949908,41.3220314914,34.2506078767,Key Bridge West Cyclists2014
Key Bridge West Cyclists2014,17.6112058386,1.20141693935e-13,42.8075555414,31.9534454844,Custis Rosslyn Cyclists2014
LLYN2014,26.470729799,15.6127947316,1.0941515228e-13,5.16986153105,LMET2014
LMET2014,36.7007014398,21.4235144554,9.57941830761,1.05720014164e-13,LLYN2014
