,ALEX2014,Berri12014,COBY2014,CSC2014,Maisonneuve_12014,Maisonneuve_22014,ORPY2014,Parc2014,Totem_Laurier2014,Best guess:
ALEX2014,8.45582040844e-14,12.1259429628,5.42739579469,18.2661530473,16.9562976236,29.4018854516,22.9738250497,28.3711951161,16.4609823823,COBY2014
Berri12014,11.2778005896,2.07931893624e-14,11.7422312946,8.91175869362,5.69657933476,12.1643892026,30.5006156147,14.5650955244,9.82849934583,Maisonneuve_12014
COBY2014,14.3701868264,19.1705461637,5.11402563529e-14,27.0243638142,24.2413197663,29.9769076793,31.1596576691,34.3547853231,22.1361292205,ALEX2014
CSC2014,15.9724598658,10.2604778567,18.2914910008,4.63354428793e-15,8.41148217044,15.9088989061,39.8567883227,16.019835852,9.66271163737,Maisonneuve_12014
Maisonneuve_12014,14.6548763846,5.2427240528,16.2910376548,6.48060142444,2.89313800457e-14,7.89695156463,37.6854694825,10.7197963383,9.3093195025,Berri12014
Maisonneuve_22014,17.4920214334,5.72823513059,17.8090942583,9.51406632786,4.16192009371,8.30208260985e-14,44.612719669,8.60010363268,8.53686990654,Maisonneuve_12014
ORPY2014,12.5905118128,19.0304379532,7.47731524869,26.3573080378,26.0708812077,38.8047994425,1.16633202548e-13,37.6581087262,24.2517417888,COBY2014
Parc2014,17.7719149501,11.9091056134,21.321223592,5.62043418416,7.19169168606,5.65691418481,42.9610661118,2.895598534e-14,9.72926118526,CSC2014
Totem_Laurier2014,21.6033792131,13.6122153483,19.5226134891,17.3190896422,13.3161636732,14.3976274382,50.0965497198,16.3567032388,9.72230229247e-14,Maisonneuve_12014
