,Custis Rosslyn Cyclists2014,Key Bridge West Cyclists2014,LLYN2014,LMET2014,Best guess:
Custis Rosslyn Cyclists2014,7.64251990147e-14,14.5060365553,51.3567489462,43.0007279563,Key Bridge West Cyclists2014
Key Bridge West Cyclists2014,19.1920815387,5.88836760789e-14,49.0122727833,37.8480482187,Custis Rosslyn Cyclists2014
LLYN2014,27.2119605778,16.4508265428,7.79873957743e-14,5.40228856917,LMET2014
LMET2014,43.7914509871,26.6341475508,9.78967697512,7.96110228117e-14,LLYN2014
