,Custis Rosslyn Cyclists2014,Key Bridge West Cyclists2014,LLYN2014,LMET2014,Best guess:
Custis Rosslyn Cyclists2014,9.49071098875e-14,14.0493113138,40.6439016988,33.9798613493,Key Bridge West Cyclists2014
Key Bridge West Cyclists2014,18.0311350466,1.25365245845e-13,41.5282684584,31.0302018437,Custis Rosslyn Cyclists2014
LLYN2014,27.8312698297,16.242930877,1.12907125225e-13,4.94677916499,LMET2014
LMET2014,37.6523869371,22.0907046462,9.32775994795,1.07004062919e-13,LLYN2014
