,ALEX2014,Berri12014,COBY2014,CSC2014,Maisonneuve_12014,Maisonneuve_22014,ORPY2014,Parc2014,Totem_Laurier2014,Best guess:
ALEX2014,1.06634976579e-13,12.0211568617,5.29931875533,18.0107414094,17.1816076926,28.4138835207,23.6880181429,28.3049564307,16.2512405263,COBY2014
Berri12014,11.6498619991,1.29531343569e-14,12.0588674983,9.25536283758,5.72691744022,11.7303690754,31.0558169725,14.4990802908,9.9143075445,Maisonneuve_12014
COBY2014,15.0394267423,19.0519586702,4.29385171265e-14,27.5724623928,23.9473895424,29.1218052428,32.4618308229,34.0347370375,22.1518125064,ALEX2014
CSC2014,16.1003778506,9.6456515297,18.2713091613,1.58312763171e-14,7.85818178034,14.2519648353,40.2663684516,15.1937559278,9.58487552018,Maisonneuve_12014
Maisonneuve_12014,14.9506880575,5.34311591595,16.4677197346,6.86434099887,2.83956137486e-14,7.56060642698,38.2269325692,10.8302541886,9.56837550571,Berri12014
Maisonneuve_22014,17.4598915986,5.66362182039,18.3084872388,9.08571918912,3.95905459406,7.22699277548e-14,44.967827328,8.7399844126,8.63049393793,Maisonneuve_12014
ORPY2014,12.3277819939,18.6041890381,7.66978160322,25.5191697477,25.7187943928,37.8326147075,1.05857308835e-13,37.4051131164,23.6533050932,COBY2014
Parc2014,17.7977483248,11.8725870319,21.5032364517,5.36753648459,7.23540779427,5.42775447465,43.5256358292,2.48919873976e-14,10.2605841423,CSC2014
Totem_Laurier2014,21.9384619644,13.7565424455,19.4313777576,17.6507471307,13.1021290723,13.8074162419,51.4961743555,16.5224733195,8.80782831447e-14,Maisonneuve_12014
