,ALEX2014,Berri12014,COBY2014,CSC2014,Maisonneuve_12014,Maisonneuve_22014,ORPY2014,Parc2014,Totem_Laurier2014,Best guess:
ALEX2014,5.33174882897e-14,15.4309101928,6.10695055475,24.3008525466,20.4391263265,22.0652106433,15.8869495494,30.9455216163,16.9332492295,COBY2014
Berri12014,14.8643741915,2.18158052326e-14,13.7976299531,12.147304815,5.73687035324,9.83694778055,33.8377943763,15.7794338728,7.92224886911,Maisonneuve_12014
COBY2014,18.4124824434,21.8532879035,5.11402563529e-14,31.9637327378,24.3585019166,27.2000914218,36.4451208333,35.2231848274,23.4558569767,ALEX2014
CSC2014,21.6498679551,12.2175372574,24.4671479178,4.86522150233e-14,7.31666252107,9.69297591444,50.0228860609,9.75646546768,12.9654527494,Maisonneuve_12014
Maisonneuve_12014,20.7445922303,5.58716796011,19.5488820755,10.964910158,2.83956137486e-14,4.80183666148,49.4013493257,13.5205997994,7.81502526229,Maisonneuve_22014
Maisonneuve_22014,25.3911360744,7.44649434563,21.326336139,14.1172407399,5.35370247299,4.24063212445e-14,57.5903732154,14.5752341439,6.50819068803,Maisonneuve_12014
ORPY2014,12.4549370158,20.8314088653,8.13224777272,29.4302448701,29.0290454799,36.2681269843,1.71146547218e-14,41.0680978725,26.7953116696,COBY2014
Parc2014,21.3537591041,12.4762318547,25.020666488,6.15241282264,7.37555219903,7.48401815629,53.0120605569,6.45159673365e-14,10.6072133863,CSC2014
Totem_Laurier2014,22.1398483802,10.4467027019,19.8366655688,19.0133927477,9.92774612112,8.33201072353,45.4362868114,16.9379885129,3.2247240277e-14,Maisonneuve_22014
