,CRTZ2014,Mirabel Cyclists2014,PierDup2014,Best guess:
CRTZ2014,3.95867801001e-14,181.769691429,66.0609725469,PierDup2014
Mirabel Cyclists2014,23.6105151963,2.85714285714,15.122338499,PierDup2014
PierDup2014,15.8327667591,102.307524707,8.1162342763e-14,CRTZ2014
