,ALEX2014,Berri12014,COBY2014,CSC2014,Maisonneuve_12014,Maisonneuve_22014,ORPY2014,Parc2014,Totem_Laurier2014,Best guess:
ALEX2014,1.10383862475e-13,12.9083119971,6.13013861728,20.3541371372,18.5699392991,24.1515210779,20.9329171247,29.1143169914,16.1701518408,COBY2014
Berri12014,13.3966995025,6.16978241736e-14,12.7861230104,10.5719036953,5.81812547178,9.9812310683,31.4983784248,15.434853329,8.73483346997,Maisonneuve_12014
COBY2014,15.9555368292,19.8612145654,2.21929414362e-14,29.0514505181,22.6308308827,27.4975488233,32.8464329081,33.3579377694,22.3631327154,ALEX2014
CSC2014,16.9012487343,10.5408871108,19.1595821044,5.86915609805e-14,7.50007695101,9.46240931622,41.5710660229,10.472928183,11.3353058146,Maisonneuve_12014
Maisonneuve_12014,16.8772889677,5.68675884999,16.9982215666,9.37712289925,2.83956137486e-14,4.81319751496,40.9234876312,11.5645357047,8.11328244965,Maisonneuve_22014
Maisonneuve_22014,22.7085642691,6.65675797878,19.7609229948,12.8522263362,4.58625266319,3.10581507706e-14,49.3262232028,11.2008008942,7.51556000223,Maisonneuve_12014
ORPY2014,12.8469816543,20.4628445814,8.482055109,28.4304660244,27.5556079029,36.4540827777,2.09179113266e-14,38.9303953333,24.2660402699,COBY2014
Parc2014,18.6273165275,11.7752058875,22.1077511273,4.86639067587,7.50655725607,6.32761311184,46.4111058052,2.18439889407e-14,10.6863831165,CSC2014
Totem_Laurier2014,22.5560389626,11.9941357877,20.6433454626,18.370432321,10.7869166589,10.2357043287,53.109666635,15.9190637872,7.41205224278e-14,Maisonneuve_22014
