,Joyce St NB Cyclists2014,Key Bridge East Cyclists2014,MVT Airport South Cyclists2014,TR Island Cyclists2014,WOD Bon Air East Cyclists2014,WOD East Falls Church Cyclists2014,Best guess:
Joyce St NB Cyclists2014,2.14635223776e-14,19.396557882,18.45493831,25.2567273353,25.1665056797,74.9950860626,MVT Airport South Cyclists2014
Key Bridge East Cyclists2014,15.0037614063,1.27056597463e-13,27.4466958057,38.066237714,54.9362553534,105.442690969,Joyce St NB Cyclists2014
MVT Airport South Cyclists2014,15.6782533091,17.654615113,7.37759482829e-14,22.8093701168,25.659418883,70.8196666724,Joyce St NB Cyclists2014
TR Island Cyclists2014,13.1086026683,15.7920849953,7.54506694154,1.64246909826e-13,16.5560940765,68.4278669025,MVT Airport South Cyclists2014
WOD Bon Air East Cyclists2014,20.5689549359,27.7720029359,13.9766697466,24.488016709,1.65631641088e-13,60.3865394468,MVT Airport South Cyclists2014
WOD East Falls Church Cyclists2014,19.5362925238,23.295115539,18.9227233317,29.040633807,21.9193407089,5.06076908113e-14,MVT Airport South Cyclists2014
