,Custis Rosslyn Cyclists2013,LLYN2013,LMET2013,Best guess:
Custis Rosslyn Cyclists2013,0.0,12.6981081763,11.7916565968,LMET2013
LLYN2013,16.0302966663,0.0,2.00592752955,LMET2013
LMET2013,14.3962200884,1.93944442118,0.0,LLYN2013
