,Custis Rosslyn Cyclists2014,LLYN2014,LMET2014,Best guess:
Custis Rosslyn Cyclists2014,2.85714285714,40.9956083105,35.331429252,LMET2014
LLYN2014,30.6196994595,5.71428571429,7.8075771209,LMET2014
LMET2014,28.0174729619,8.02035281806,5.71428571429,LLYN2014
