,CRTZ2014,Mirabel Cyclists2014,MVT Airport South Cyclists2014,PierDup2014,WOD Bon Air East Cyclists2014,WOD East Falls Church Cyclists2014,Best guess:
CRTZ2014,0.0,448.135694655,25.4100600098,33.4886456166,26.2929963251,23.1981956325,WOD East Falls Church Cyclists2014
Mirabel Cyclists2014,21.258407526,2.85714285714,24.8586093977,15.971580618,24.2007455193,26.4597471364,PierDup2014
MVT Airport South Cyclists2014,30.7118308647,1215.00051242,0.0,74.1341016473,18.3230968562,10.7026124315,WOD East Falls Church Cyclists2014
PierDup2014,14.7762800974,253.646108865,25.1953038893,7.51398880764e-15,25.0454362608,24.5969828995,CRTZ2014
WOD Bon Air East Cyclists2014,27.3210302937,747.320191067,13.1802478216,69.7075407828,5.87777861679e-16,12.6599427927,WOD East Falls Church Cyclists2014
WOD East Falls Church Cyclists2014,25.4212603123,878.853264845,7.80165287211,66.0435682787,13.2312618589,0.0,MVT Airport South Cyclists2014
