,CRTZ2014,Mirabel Cyclists2014,MVT Airport South Cyclists2014,PierDup2014,WOD Bon Air East Cyclists2014,WOD East Falls Church Cyclists2014,Best guess:
CRTZ2014,0.0,451.802253803,28.0746492478,34.2529211918,30.1451953434,25.9271405026,WOD East Falls Church Cyclists2014
Mirabel Cyclists2014,23.851463485,2.85714285714,29.0187445838,17.726738037,29.0208825741,31.2887442031,PierDup2014
MVT Airport South Cyclists2014,25.9915638308,2240.46291219,0.0,68.2626254611,18.5068942937,10.0530645457,WOD East Falls Church Cyclists2014
PierDup2014,15.9533929678,254.483769954,26.671438314,2.50466293588e-15,26.0058857194,27.8758978533,CRTZ2014
WOD Bon Air East Cyclists2014,27.5871287897,753.052678249,14.5506535414,70.0947947549,1.17555572336e-15,13.5560074492,WOD East Falls Church Cyclists2014
WOD East Falls Church Cyclists2014,27.0545589573,873.250644324,8.81146014233,69.1536142125,13.512028873,0.0,MVT Airport South Cyclists2014
