,Custis Rosslyn Cyclists2014,LLYN2014,LMET2014,Best guess:
Custis Rosslyn Cyclists2014,2.25094649772e-15,26.4424192292,24.0797821441,LMET2014
LLYN2014,30.3410105164,5.40911656785e-15,2.62618722044,LMET2014
LMET2014,28.0047373827,2.77725141243,0.0,LLYN2014
