,CRTZ2014,Mirabel Cyclists2014,MVT Airport South Cyclists2014,PierDup2014,WOD Bon Air East Cyclists2014,WOD East Falls Church Cyclists2014,Best guess:
CRTZ2014,0.0,447.349421949,23.7311494066,34.095765355,24.9186900146,21.8184736966,WOD East Falls Church Cyclists2014
Mirabel Cyclists2014,20.582475376,2.85714285714,24.1274749151,15.8309138846,23.7562843558,25.7924738648,PierDup2014
MVT Airport South Cyclists2014,30.2463669311,1202.65128899,0.0,70.9369575699,18.6762530319,11.3120781617,WOD East Falls Church Cyclists2014
PierDup2014,14.3679585608,253.846690824,24.6043310411,9.60120792087e-15,24.7199770843,24.1547765937,CRTZ2014
WOD Bon Air East Cyclists2014,27.4547714889,745.659139367,12.626071609,69.5904583699,5.87777861679e-16,11.7013344052,WOD East Falls Church Cyclists2014
WOD East Falls Church Cyclists2014,25.8198474942,877.82097419,7.53358959693,66.2400809439,12.618837307,0.0,MVT Airport South Cyclists2014
