,CRTZ2014,Mirabel Cyclists2014,MVT Airport South Cyclists2014,PierDup2014,WOD Bon Air East Cyclists2014,WOD East Falls Church Cyclists2014,Best guess:
CRTZ2014,0.0,83.2957635948,31.3586004483,35.3650210518,32.3383386734,30.751758936,WOD East Falls Church Cyclists2014
Mirabel Cyclists2014,22.8478684264,2.85714285714,33.478691979,17.8884257673,35.4197093791,33.4010058888,PierDup2014
MVT Airport South Cyclists2014,26.4426335339,2239.37350575,0.0,66.8230967976,19.4130991442,10.8756769794,WOD East Falls Church Cyclists2014
PierDup2014,14.9321090265,22.488810784,35.1978108205,4.17443822646e-16,34.5325397711,33.0733472712,CRTZ2014
WOD Bon Air East Cyclists2014,17.9229752012,731.692622996,14.9847341999,53.1106400592,5.87777861679e-16,13.2556698921,WOD East Falls Church Cyclists2014
WOD East Falls Church Cyclists2014,20.9171074983,856.324622431,9.18405391538,56.8894790884,14.4318349904,0.0,MVT Airport South Cyclists2014
