,Custis Rosslyn Cyclists2014,LLYN2014,LMET2014,Best guess:
Custis Rosslyn Cyclists2014,1.51938888596e-14,21.2821823445,18.3715462969,LMET2014
LLYN2014,17.881392459,2.22728329264e-15,2.67741714607,LMET2014
LMET2014,17.6929387965,2.99886403964,0.0,LLYN2014
