,CRTZ2014,Mirabel Cyclists2014,MVT Airport South Cyclists2014,PierDup2014,WOD Bon Air East Cyclists2014,WOD East Falls Church Cyclists2014,Best guess:
CRTZ2014,0.0,448.00467678,25.2489663279,33.4222532073,26.4580409477,23.0586235553,WOD East Falls Church Cyclists2014
Mirabel Cyclists2014,20.9812403706,2.85714285714,24.4259306944,15.9391702097,23.80979447,26.1246717233,PierDup2014
MVT Airport South Cyclists2014,31.9122391972,1213.64710113,0.0,74.158677216,19.3044259123,12.441728008,WOD East Falls Church Cyclists2014
PierDup2014,14.2730419169,253.556857218,24.4361866662,8.76632027557e-15,24.1877389893,23.9782309591,CRTZ2014
WOD Bon Air East Cyclists2014,26.8949630102,746.480549161,13.0209418736,69.2187704874,5.87777861679e-16,12.4865880808,WOD East Falls Church Cyclists2014
WOD East Falls Church Cyclists2014,25.4212603123,878.853264845,7.80165287211,66.0435682787,13.2312618589,0.0,MVT Airport South Cyclists2014
