,Custis Rosslyn Cyclists2014,LLYN2014,LMET2014,Best guess:
Custis Rosslyn Cyclists2014,1.35056789863e-14,23.8383184015,21.5568545854,LMET2014
LLYN2014,23.6740625882,3.81819993025e-15,2.4688449345,LMET2014
LMET2014,22.8952173464,2.7908144765,0.0,LLYN2014
