,CRTZ2014,Mirabel Cyclists2014,MVT Airport South Cyclists2014,PierDup2014,WOD Bon Air East Cyclists2014,WOD East Falls Church Cyclists2014,Best guess:
CRTZ2014,2.85714285714,75.6815543421,34.7627900663,36.4850753847,40.660607926,33.6249786889,WOD East Falls Church Cyclists2014
Mirabel Cyclists2014,24.1156346799,5.71428571429,50.6338986021,18.2744120917,43.3445009218,50.5696353188,PierDup2014
MVT Airport South Cyclists2014,46.9086462288,262.163091111,0.0,105.461735418,12.0820163763,8.06770125229,WOD East Falls Church Cyclists2014
PierDup2014,15.9639193405,25.0526740577,36.67916271,1.66977529059e-15,40.0237108037,36.9585010265,CRTZ2014
WOD Bon Air East Cyclists2014,29.7820161408,741.778096596,20.6121825577,59.4681119097,5.71428571429,17.7317443092,WOD East Falls Church Cyclists2014
WOD East Falls Church Cyclists2014,39.7916954034,909.612279067,12.0359526818,84.2135142626,15.2282502186,2.85714285714,MVT Airport South Cyclists2014
