,ALEX2013,Berri12013,COBY2013,CSC2013,Maisonneuve_22013,ORPY2013,Parc2013,Rachel12013,Totem_Laurier2013,Best guess:
ALEX2013,0.0,8.53563439843,7.06850698211,14.079175078,9.39383652108,12.1634713894,14.2147448397,6.67168559667,10.8859099826,Rachel12013
Berri12013,22.028071825,1.42471431449e-15,10.4244428093,8.51888855698,4.41876219955,15.2157367305,8.93576659376,2.31295921813,7.32761163261,Rachel12013
COBY2013,27.104585821,12.5468165468,5.32380160466e-16,19.4325001328,14.0494171204,9.24211317053,20.1837795095,9.83602110777,16.4461780611,ORPY2013
CSC2013,24.1748684622,7.68169615228,16.7580588494,1.14629753574e-14,5.81209992903,22.260730156,4.41514759702,8.37433553003,7.16432441416,Parc2013
Maisonneuve_22013,21.191049804,4.06480007005,12.6668690902,6.12260359096,0.0,18.9873055019,5.75400640855,3.73064341387,5.22077540905,Rachel12013
ORPY2013,28.0794754847,12.108655643,6.09886379402,20.3501319206,14.4696546345,3.30691723857e-15,20.1587881488,10.8022581615,15.8974179636,COBY2013
Parc2013,22.7444841253,8.08057866889,17.3716009426,4.43559344048,5.54958905537,22.9679945828,0.0,8.71155341695,4.71454974589,CSC2013
Rachel12013,25.1897551154,3.87032982047,10.041728312,10.0589502333,4.74329415432,17.9634651938,10.7998964873,6.43058267393e-15,8.01243019325,Berri12013
Totem_Laurier2013,29.919054869,7.95918856354,16.2799533819,8.48146618382,5.50585987048,24.2151399868,6.62755817432,7.87711708691,1.31073676153e-14,Maisonneuve_22013
