,Key Bridge East Cyclists2013,MVT Airport South Cyclists2013,WOD Bon Air East Cyclists2013,WOD East Falls Church Cyclists2013,Best guess:
Key Bridge East Cyclists2013,0.0,8.01200548758,13.0272901549,8.7178397044,MVT Airport South Cyclists2013
MVT Airport South Cyclists2013,8.5777507781,2.85714285714,8.50997057661,7.9959703653,WOD East Falls Church Cyclists2013
WOD Bon Air East Cyclists2013,11.353524686,11.6259806302,2.85714285714,14.0839289349,Key Bridge East Cyclists2013
WOD East Falls Church Cyclists2013,14.5115379762,12.6306840493,15.5098321477,8.57142857143,MVT Airport South Cyclists2013
