,CRTZ2013,Mirabel Cyclists2013,PierDup2013,Best guess:
CRTZ2013,9.27161737386e-15,57.0638081082,22.2409053851,PierDup2013
Mirabel Cyclists2013,18.0402559416,1.18106717252e-14,9.70935241352,PierDup2013
PierDup2013,12.793207902,25.5001221973,1.19158473093e-14,CRTZ2013
