,CRTZ2013,Mirabel Cyclists2013,PierDup2013,Best guess:
CRTZ2013,1.1453174403e-14,58.1820627134,22.7992647416,PierDup2013
Mirabel Cyclists2013,17.8066799821,1.18106717252e-14,10.2209732757,PierDup2013
PierDup2013,12.7015311449,25.6554809679,1.14575454897e-14,CRTZ2013
