,CRTZ2013,Mirabel Cyclists2013,PierDup2013,Best guess:
CRTZ2013,0.0,31.643536285,26.3294758623,PierDup2013
Mirabel Cyclists2013,21.2007715751,2.27128302408e-15,11.8019281466,PierDup2013
PierDup2013,15.3416219813,25.646183115,4.58301819589e-15,CRTZ2013
