,CRTZ2013,Mirabel Cyclists2013,PierDup2013,Best guess:
CRTZ2013,1.47255099467e-14,56.7365729311,21.8733706858,PierDup2013
Mirabel Cyclists2013,16.8394791065,1.18106717252e-14,9.53430015014,PierDup2013
PierDup2013,12.9561401157,25.6995705069,1.14575454897e-14,CRTZ2013
