,Custis Rosslyn Cyclists2013,Key Bridge West Cyclists2013,LLYN2013,LMET2013,Best guess:
Custis Rosslyn Cyclists2013,1.89530494461e-15,4.64322423055,21.997506403,18.9158248187,Key Bridge West Cyclists2013
Key Bridge West Cyclists2013,5.17182811749,1.0020839607e-15,20.8966723965,18.157751891,Custis Rosslyn Cyclists2013
LLYN2013,26.7838514274,23.9756185397,0.0,2.55150211964,LMET2013
LMET2013,27.1800258641,23.3393154078,2.32271763448,1.03478185528e-14,LLYN2013
