,Custis Rosslyn Cyclists2013,Key Bridge West Cyclists2013,LLYN2013,LMET2013,Best guess:
Custis Rosslyn Cyclists2013,1.42147870846e-15,5.50979328343,24.0594314369,21.1911655351,Key Bridge West Cyclists2013
Key Bridge West Cyclists2013,5.42179259406,1.50312594105e-15,24.3235775751,21.8363058802,Custis Rosslyn Cyclists2013
LLYN2013,34.400641032,29.5531093384,0.0,1.87300171017,LMET2013
LMET2013,32.8586786584,28.3669183846,1.98332315481,4.04914639021e-15,LLYN2013
