,Custis Rosslyn Cyclists2013,Key Bridge West Cyclists2013,LLYN2013,LMET2013,Best guess:
Custis Rosslyn Cyclists2013,1.42147870846e-15,4.54831260285,21.7558498706,17.8189655737,Key Bridge West Cyclists2013
Key Bridge West Cyclists2013,5.63156762231,1.50312594105e-15,22.7944714147,18.4992343348,Custis Rosslyn Cyclists2013
LLYN2013,22.5191946641,19.8680006686,0.0,2.71134919869,LMET2013
LMET2013,21.4253107785,18.6025629436,2.80871782081,1.12476288617e-14,LLYN2013
