,CRTZ2013,Mirabel Cyclists2013,PierDup2013,Best guess:
CRTZ2013,0.0,58.4760090382,24.2301937237,PierDup2013
Mirabel Cyclists2013,19.2817282336,2.7255396289e-15,9.68457407666,PierDup2013
PierDup2013,12.147665472,26.0021219982,1.83320727836e-15,CRTZ2013
