,Custis Rosslyn Cyclists2013,Key Bridge West Cyclists2013,LLYN2013,LMET2013,Best guess:
Custis Rosslyn Cyclists2013,9.47652472305e-16,5.1320065628,32.8225141144,27.9037370972,Key Bridge West Cyclists2013
Key Bridge West Cyclists2013,13.9067298177,8.57142857143,40.3044969038,35.650190571,Custis Rosslyn Cyclists2013
LLYN2013,40.8068687805,36.7656496185,17.1428571429,18.8888169653,LMET2013
LMET2013,37.3236331422,33.4621383691,16.3185381526,14.2857142857,LLYN2013
