,CRTZ2013,Mirabel Cyclists2013,PierDup2013,Best guess:
CRTZ2013,1.63616777186e-15,52.6900613711,21.1108913725,PierDup2013
Mirabel Cyclists2013,18.390001234,1.18106717252e-14,9.97181230747,PierDup2013
PierDup2013,13.114390146,27.4860312781,1.09992436701e-14,CRTZ2013
