,ALEX2013,Berri12013,COBY2013,CSC2013,Maisonneuve_22013,ORPY2013,Parc2013,Rachel12013,Totem_Laurier2013,Best guess:
ALEX2013,2.85714285714,13.7744196689,11.4172062211,17.3948081845,15.0988832439,14.5712783389,18.7200355795,11.6397635401,11.827930644,COBY2013
Berri12013,15.3850495609,8.57142857143,21.8071500804,16.577352948,14.593021669,22.7404787088,18.4207346366,12.4354767809,14.570406131,Rachel12013
COBY2013,11.5465773262,18.8734736123,2.85714285714,25.4584457348,20.1430430336,10.5741530184,27.1314834397,14.8577911827,18.0261175894,ORPY2013
CSC2013,16.1316973206,11.9643316558,23.6660666605,2.85714285714,9.89085920062,23.4752526122,7.90816390431,13.7963490527,9.80540572397,Parc2013
Maisonneuve_22013,24.8257268026,20.0137270571,32.6892770302,20.2393009597,14.2857142857,32.7480761687,19.4826886171,21.885397492,18.4175189141,Totem_Laurier2013
ORPY2013,15.5414775654,18.0238882452,11.5462146646,25.8977180616,22.3289015736,5.71428571429,27.0149306303,14.4611598397,19.1910094091,COBY2013
Parc2013,23.6841860377,18.1128923274,35.1158231693,13.7749858654,14.9160698416,36.4627642896,8.57142857143,20.682595525,15.5804422047,CSC2013
Rachel12013,13.2166404839,8.77422853853,14.834112128,18.8183964203,14.2334939126,19.0360061703,20.4834338617,2.85714285714,11.9367329401,Berri12013
Totem_Laurier2013,16.3961066402,10.639675609,23.5762537338,13.5115936615,10.8761663321,25.6989311196,12.5788466023,12.4657472497,2.85714285714,Berri12013
