,Custis Rosslyn Cyclists2013,Key Bridge West Cyclists2013,LLYN2013,LMET2013,Best guess:
Custis Rosslyn Cyclists2013,1.42147870846e-15,4.60984397498,20.691134768,16.9781657867,Key Bridge West Cyclists2013
Key Bridge West Cyclists2013,5.23900160144,1.50312594105e-15,23.1856224985,19.037300741,Custis Rosslyn Cyclists2013
LLYN2013,22.5191946641,19.8680006686,0.0,2.71134919869,LMET2013
LMET2013,21.4253107785,18.6025629436,2.80871782081,1.12476288617e-14,LLYN2013
