,Joyce St NB Cyclists2014,Joyce St SB Cyclists2014
Joyce St NB Cyclists2014,0.0,5.66630012054
Joyce St SB Cyclists2014,5.20211977953,5.98886020141e-15
