,Joyce St NB Cyclists2014,Joyce St SB Cyclists2014,Key Bridge East Cyclists2014,TR Island Cyclists2014
Joyce St NB Cyclists2014,0.0,5.66630012054,5.39878916905,3.81196669131
Joyce St SB Cyclists2014,5.20211977953,5.98886020141e-15,4.26575600376,3.4909622632
Key Bridge East Cyclists2014,362.901166795,297.551992914,0.0,261.91114451
TR Island Cyclists2014,202.379367488,217.207486775,203.797220877,1.94891721808e-14
