,Custis Rosslyn Cyclists2014,Key Bridge West Cyclists2014
Custis Rosslyn Cyclists2014,4.54747350886e-13,477.427904657
Key Bridge West Cyclists2014,181.678611605,3.24819536347e-15
