,Custis Rosslyn Cyclists2014,Key Bridge West Cyclists2014,Key Bridge East Cyclists2014
Custis Rosslyn Cyclists2014,4.54747350886e-13,477.427904657,529.580486362
Key Bridge West Cyclists2014,181.678611605,3.24819536347e-15,84.821306988
Key Bridge East Cyclists2014,336.166645942,134.697221004,0.0
