,MVT Airport South Cyclists2014,Joyce St NB Cyclists2014,Joyce St SB Cyclists2014,WOD East Falls Church Cyclists2014,WOD Bon Air East Cyclists2014,TR Island Cyclists2014
MVT Airport South Cyclists2014,0.0,382.216846875,331.776824898,371.529313328,659.569234308,216.886745136
Joyce St NB Cyclists2014,6.07592417053,0.0,5.66630012054,5.20173533665,10.0633714706,3.81196669131
Joyce St SB Cyclists2014,5.66872616734,5.20211977953,5.98886020141e-15,4.93914903036,9.3760622667,3.4909622632
WOD East Falls Church Cyclists2014,170.186500617,206.153982419,235.348790536,0.0,198.158136004,101.368185345
WOD Bon Air East Cyclists2014,227.209852131,255.736408467,283.672367704,159.178937139,6.49639072695e-15,182.990401624
TR Island Cyclists2014,190.077954415,202.379367488,217.207486775,129.815018464,329.654607056,1.94891721808e-14
