,MVT Airport South Cyclists2014,WOD East Falls Church Cyclists2014,WOD Bon Air East Cyclists2014
MVT Airport South Cyclists2014,0.0,371.529313328,659.569234308
WOD East Falls Church Cyclists2014,170.186500617,0.0,198.158136004
WOD Bon Air East Cyclists2014,227.209852131,159.178937139,6.49639072695e-15
