,Custis Rosslyn Cyclists2013,LLYN2013,LMET2013,Best guess:
Custis Rosslyn Cyclists2013,9.47652472305e-16,32.8225141144,27.9037370972,LMET2013
LLYN2013,40.8068687805,17.1428571429,18.8888169653,LMET2013
LMET2013,37.3236331422,16.3185381526,14.2857142857,LLYN2013
