,Custis Rosslyn Cyclists2013,LLYN2013,LMET2013,Best guess:
Custis Rosslyn Cyclists2013,1.89530494461e-15,21.997506403,18.9158248187,LMET2013
LLYN2013,26.7838514274,0.0,2.55150211964,LMET2013
LMET2013,27.1800258641,2.32271763448,1.03478185528e-14,LLYN2013
