,ALEX2014,Berri12014,COBY2014,CSC2014,Maisonneuve_12014,Maisonneuve_22014,ORPY2014,Parc2014,Totem_Laurier2014,Best guess:
ALEX2014,0.0,6.65533897672,8.32388931427,15.3070261824,10.8794979094,9.71259314219,10.8997711447,19.8858182315,11.6847955768,Berri12014
Berri12014,8.69833707525,0.0,13.0544011434,10.3479978176,5.016157334,4.60880513934,16.4013813059,13.1981958542,8.64202801628,Maisonneuve_22014
COBY2014,14.982744131,19.8740962027,5.30700773473e-14,28.1224593585,25.7022410978,31.9289208943,29.4525615497,36.3786202296,23.2238382644,ALEX2014
CSC2014,16.5981831495,9.8781068381,20.6543135994,0.0,7.25221625815,7.21245545043,25.177719046,5.98957040496,13.7185644165,Parc2014
Maisonneuve_12014,12.6858638938,4.9833711037,17.5853820402,7.53160341173,0.0,3.96416958605,20.0797196544,10.2724324443,8.23011000624,Maisonneuve_22014
Maisonneuve_22014,12.483935999,4.62225171772,20.0822093878,8.65126331144,4.01348938232,0.0,20.014765382,9.52234129873,8.19179961652,Maisonneuve_12014
ORPY2014,12.6598348801,18.8242034286,6.99047068454,27.0044138253,26.3350147095,39.571927713,1.36917237774e-13,37.4353745643,24.7187613889,COBY2014
Parc2014,19.602730904,12.4856502601,24.0978879005,5.77886051738,8.83222637053,7.97579939337,26.6297003482,0.0,10.8444886642,CSC2014
Totem_Laurier2014,14.4119872431,8.81077443351,18.3307786694,15.6853466207,8.42044327098,8.12162916133,24.444430911,12.6390883105,0.0,Maisonneuve_22014
