,CRTZ2014,Mirabel Cyclists2014,PierDup2014,Best guess:
CRTZ2014,0.0,448.00467678,33.4222532073,PierDup2014
Mirabel Cyclists2014,20.9812403706,2.85714285714,15.9391702097,PierDup2014
PierDup2014,14.2730419169,253.556857218,8.76632027557e-15,CRTZ2014
