,CRTZ2014,Mirabel Cyclists2014,PierDup2014,Best guess:
CRTZ2014,0.0,448.135694655,33.4886456166,PierDup2014
Mirabel Cyclists2014,21.258407526,2.85714285714,15.971580618,PierDup2014
PierDup2014,14.7762800974,253.646108865,7.51398880764e-15,CRTZ2014
