,Joyce St NB Cyclists2014,Key Bridge East Cyclists2014,MVT Airport South Cyclists2014,TR Island Cyclists2014,WOD Bon Air East Cyclists2014,WOD East Falls Church Cyclists2014,Best guess:
Joyce St NB Cyclists2014,0.0,13.7528247607,10.3104521644,8.39005906162,22.4783701111,11.5961187529,TR Island Cyclists2014
Key Bridge East Cyclists2014,17.4275787991,0.0,13.4104483471,17.0434332431,31.4801236996,20.61668193,MVT Airport South Cyclists2014
MVT Airport South Cyclists2014,12.6650301842,12.9412032892,0.0,5.33286879915,18.3230968562,10.7026124315,TR Island Cyclists2014
TR Island Cyclists2014,8.98918013158,12.2499405783,5.62636378719,9.59152461917e-16,13.268098575,5.40287206422,WOD East Falls Church Cyclists2014
WOD Bon Air East Cyclists2014,19.0298907351,20.0501761883,13.1802478216,12.8393909828,5.87777861679e-16,12.6599427927,WOD East Falls Church Cyclists2014
WOD East Falls Church Cyclists2014,12.3459804287,13.0920162952,7.80165287211,6.14152077973,13.2312618589,0.0,TR Island Cyclists2014
