,Joyce St NB Cyclists2014,Key Bridge East Cyclists2014,MVT Airport South Cyclists2014,TR Island Cyclists2014,WOD Bon Air East Cyclists2014,WOD East Falls Church Cyclists2014,Best guess:
Joyce St NB Cyclists2014,0.0,13.0077603974,10.7396664567,8.72974282836,22.4672914789,12.2960729731,TR Island Cyclists2014
Key Bridge East Cyclists2014,17.2480048946,0.0,13.2001094577,16.6925427991,31.498907978,20.4989973212,MVT Airport South Cyclists2014
MVT Airport South Cyclists2014,12.913607377,12.4436532002,0.0,6.6618535844,19.3044259123,12.441728008,TR Island Cyclists2014
TR Island Cyclists2014,8.78358915549,11.8623501567,5.24773034633,9.59152461917e-16,13.6070728133,5.56273675634,MVT Airport South Cyclists2014
WOD Bon Air East Cyclists2014,19.0409050519,19.510657798,13.0209418736,12.5969707379,5.87777861679e-16,12.4865880808,WOD East Falls Church Cyclists2014
WOD East Falls Church Cyclists2014,12.3459804287,13.0920162952,7.80165287211,6.14152077973,13.2312618589,0.0,TR Island Cyclists2014
