,Custis Rosslyn Cyclists2014,Key Bridge West Cyclists2014,LLYN2014,LMET2014,Best guess:
Custis Rosslyn Cyclists2014,1.51938888596e-14,15.2177119724,21.0650237547,17.8569364009,Key Bridge West Cyclists2014
Key Bridge West Cyclists2014,17.7072797733,0.0,21.9120298738,17.9715751362,Custis Rosslyn Cyclists2014
LLYN2014,17.881392459,15.1968627251,2.22728329264e-15,2.67741714607,LMET2014
LMET2014,17.6929387965,14.6079615872,2.99886403964,0.0,LLYN2014
