,Custis Rosslyn Cyclists2014,Key Bridge West Cyclists2014,LLYN2014,LMET2014,Best guess:
Custis Rosslyn Cyclists2014,2.85714285714,14.9850602628,40.9956083105,35.331429252,Key Bridge West Cyclists2014
Key Bridge West Cyclists2014,20.7792400181,4.93828184835e-16,40.2477229301,32.4266181744,Custis Rosslyn Cyclists2014
LLYN2014,30.6196994595,22.5859415577,5.71428571429,7.8075771209,LMET2014
LMET2014,28.0174729619,21.8474446885,8.02035281806,5.71428571429,LLYN2014
