,ALEX2014,Berri12014,COBY2014,CSC2014,Maisonneuve_12014,Maisonneuve_22014,ORPY2014,Parc2014,Totem_Laurier2014,Best guess:
ALEX2014,5.88235294118,16.1527767347,14.1516513829,24.3131263586,19.4636809796,19.5122278197,16.9475182236,26.6392758129,19.2063060513,COBY2014
Berri12014,11.1056418784,2.85714285714,13.5184763337,13.3537821091,11.6460364012,13.4600152668,16.7869537702,16.9742113553,11.6143744546,ALEX2014
COBY2014,10.5734699316,19.5155368934,0.0,31.5900794056,22.5345843267,23.3188196633,6.8150726513,35.0373499882,21.9861346101,ORPY2014
CSC2014,18.4352649342,13.6631632991,21.3256471096,2.85714285714,14.0980967075,14.4554841908,23.0957928328,8.60646860794,15.3544875045,Parc2014
Maisonneuve_12014,12.6426418649,7.88992780522,18.838793007,10.0692942326,2.85714285714,5.76575646286,20.6636280993,12.2513598491,11.7426940696,Maisonneuve_22014
Maisonneuve_22014,14.6126188004,12.226864089,20.8623660006,13.1464470078,9.70187574554,5.71428571429,22.562884449,14.3140820889,13.7269937722,Maisonneuve_12014
ORPY2014,13.3090556249,19.625881019,9.3942342517,30.7281237118,23.8703558144,23.6591946662,2.85714285714,32.2454684689,23.4095855331,COBY2014
Parc2014,22.6357033633,19.8550143373,29.5014381774,14.4389196745,21.7873636534,22.165502758,31.0164367148,8.57142857143,17.8478389423,CSC2014
Totem_Laurier2014,13.9176725261,13.6748112533,19.4810269937,18.5099554059,14.1001193017,13.429512903,21.5628048973,18.0631927037,5.71428571429,Maisonneuve_22014
