,ALEX2014,Berri12014,COBY2014,CSC2014,Maisonneuve_12014,Maisonneuve_22014,ORPY2014,Parc2014,Totem_Laurier2014,Best guess:
ALEX2014,1.81306957772e-15,10.9022298702,7.61003563593,17.4537657191,16.2713345461,16.5357819939,10.9471878531,20.1671239847,12.0752429639,COBY2014
Berri12014,6.54528637257,2.79291413124e-15,9.38023937525,9.62615099596,5.86262583348,6.58553058376,11.430599972,12.344281976,7.9158131051,Maisonneuve_12014
COBY2014,7.48416347847,14.8583533144,2.08260738235e-15,23.6027699496,19.2081291965,19.7062112235,6.38954355129,26.37627517,18.6673510537,ORPY2014
CSC2014,12.8244215998,10.4016744731,18.7071688556,1.96972945382e-15,9.17161208682,9.76465773074,20.9266487694,5.05245679882,11.8637145371,Parc2014
Maisonneuve_12014,8.81821364113,5.31804585796,12.6102144137,8.64671643618,0.0,2.82685430335,14.8877895964,10.1064611706,8.36364768342,Maisonneuve_22014
Maisonneuve_22014,9.35079927707,6.34035051487,14.3269451468,9.24371810589,2.68440705316,0.0,16.8048129053,10.3061019422,8.30546440169,Maisonneuve_12014
ORPY2014,12.8898438526,18.4443366604,6.03828779307,28.8580326157,22.9865028422,23.2557106029,5.76521025703e-15,32.6081427578,22.8548753092,COBY2014
Parc2014,14.5638011257,12.3451378817,21.9708214174,5.16689987756,10.6944202505,11.301076058,23.4937918833,5.22954563154e-16,10.2543972321,CSC2014
Totem_Laurier2014,9.29176998663,7.92246780355,14.8122348872,9.74782614724,8.06319568072,8.18347196729,16.4551225866,9.1775618985,9.46520624111e-16,Berri12014
