,Joyce St NB Cyclists2014,Key Bridge East Cyclists2014,MVT Airport South Cyclists2014,TR Island Cyclists2014,WOD Bon Air East Cyclists2014,WOD East Falls Church Cyclists2014,Best guess:
Joyce St NB Cyclists2014,0.0,13.1002237461,10.8015223345,9.01885218909,22.7889033541,12.6055818378,TR Island Cyclists2014
Key Bridge East Cyclists2014,17.3592544699,0.0,13.1005850277,16.7621146417,31.5016004072,20.5977140662,MVT Airport South Cyclists2014
MVT Airport South Cyclists2014,11.8771329712,11.6887784327,0.0,6.34192859778,18.6762530319,11.3120781617,TR Island Cyclists2014
TR Island Cyclists2014,8.45517913377,11.6457008874,5.18545085995,4.79576230959e-16,13.8731609469,5.4899315648,MVT Airport South Cyclists2014
WOD Bon Air East Cyclists2014,17.5460621304,18.9615624111,12.626071609,11.9720904674,5.87777861679e-16,11.7013344052,WOD East Falls Church Cyclists2014
WOD East Falls Church Cyclists2014,12.5036965064,13.054387528,7.53358959693,6.13312914433,12.618837307,0.0,TR Island Cyclists2014
