,ALEX2014,Berri12014,COBY2014,CSC2014,Maisonneuve_12014,Maisonneuve_22014,ORPY2014,Parc2014,Totem_Laurier2014,Best guess:
ALEX2014,9.06534788862e-16,9.6652840705,5.47940255428,15.1946500978,12.5052607362,12.6362168354,10.5215235819,17.4333010607,11.798332833,COBY2014
Berri12014,7.50688045491,1.04734279922e-14,9.56565755165,9.18759393138,4.49742162422,5.49465617739,13.3442370328,11.0115349265,9.00535999065,Maisonneuve_12014
COBY2014,5.95780735186,13.5048868624,1.40575998309e-14,21.7795438615,16.7719328935,17.3594844888,7.31482884,24.7000557448,17.8541984731,ALEX2014
CSC2014,12.2250382623,8.90993086976,16.3872985061,9.84864726912e-15,7.92772552694,7.99208863448,19.6148816292,4.23167833673,10.2666800562,Parc2014
Maisonneuve_12014,8.62390366948,3.57126658249,12.4474970676,7.2353058991,1.34856171493e-14,2.57194891479,16.3362798723,8.04613572549,8.31919262787,Maisonneuve_22014
Maisonneuve_22014,8.81218271998,4.39547781901,12.8494920186,7.09695251381,2.63486076573,0.0,16.7380128526,8.12076038114,7.64539315729,Maisonneuve_12014
ORPY2014,11.829899503,16.2770903155,5.99091264425,25.399482947,20.6248038591,21.2230030647,3.60325641064e-15,28.2940890925,21.1606358303,COBY2014
Parc2014,13.9316104687,10.9051224182,17.93240323,4.25968453332,8.96426263255,9.38296799078,21.5822638155,0.0,8.40690309343,CSC2014
Totem_Laurier2014,11.9372187925,10.0483100067,14.7750757765,10.9352780857,10.5569019205,10.00335931,20.5517315958,9.54366730327,9.93846655317e-15,Parc2014
