,CRTZ2014,Mirabel Cyclists2014,PierDup2014,Best guess:
CRTZ2014,2.85714285714,75.6815543421,36.4850753847,PierDup2014
Mirabel Cyclists2014,24.1156346799,5.71428571429,18.2744120917,PierDup2014
PierDup2014,15.9639193405,25.0526740577,1.66977529059e-15,CRTZ2014
