,ALEX2014,Berri12014,COBY2014,CSC2014,Maisonneuve_12014,Maisonneuve_22014,ORPY2014,Parc2014,Totem_Laurier2014,Best guess:
ALEX2014,1.35980218329e-15,10.3342131223,6.12338265772,16.2312936843,13.638733553,13.6028669051,10.0542075551,18.485941676,11.672108992,COBY2014
Berri12014,7.37096950278,3.14202839765e-15,9.56365757271,9.15288835082,4.7962661117,5.23832705641,12.8032489593,11.0399847724,8.63957841078,Maisonneuve_12014
COBY2014,6.49577322792,14.0404992808,1.24956442941e-14,23.3109090093,18.2646433586,18.9015016197,6.14342956452,26.0115384956,18.8781171027,ORPY2014
CSC2014,12.2024702806,9.39881829509,16.4804182095,1.02425931599e-14,8.12870124237,8.21106630252,19.7616859076,4.28961384533,11.1115351494,Parc2014
Maisonneuve_12014,8.12794992129,3.77414592238,12.092100686,7.55300103365,1.29461924633e-14,2.62690853559,15.914825767,8.38499667426,7.84965482049,Maisonneuve_22014
Maisonneuve_22014,8.80430988612,4.84151656814,13.0396144831,7.55272546675,2.78354371899,0.0,16.4386839991,8.28537656125,7.30393262947,Maisonneuve_12014
ORPY2014,11.9328969851,16.4895712448,5.98916591382,25.9675248113,21.0199907164,21.8034944502,4.68423333384e-15,28.8981162238,21.4110276787,COBY2014
Parc2014,12.9562306987,10.9295007097,17.3394306048,4.38163213452,8.98444489468,9.24136975203,20.4951262534,0.0,8.6171554258,CSC2014
Totem_Laurier2014,10.5924057056,8.79063956432,13.9656916904,10.8517036189,9.56454189514,9.35883536109,17.8927035431,9.97493294239,2.83956187233e-15,Berri12014
