,CRTZ2014,Mirabel Cyclists2014,PierDup2014,Best guess:
CRTZ2014,0.0,451.802253803,34.2529211918,PierDup2014
Mirabel Cyclists2014,23.851463485,2.85714285714,17.726738037,PierDup2014
PierDup2014,15.9533929678,254.483769954,2.50466293588e-15,CRTZ2014
