,CRTZ2014,Mirabel Cyclists2014,PierDup2014,Best guess:
CRTZ2014,0.0,83.2957635948,35.3650210518,PierDup2014
Mirabel Cyclists2014,22.8478684264,2.85714285714,17.8884257673,PierDup2014
PierDup2014,14.9321090265,22.488810784,4.17443822646e-16,CRTZ2014
