,Custis Rosslyn Cyclists2014,Key Bridge West Cyclists2014,LLYN2014,LMET2014,Best guess:
Custis Rosslyn Cyclists2014,1.35056789863e-14,16.6436538411,23.8383184015,21.5568545854,Key Bridge West Cyclists2014
Key Bridge West Cyclists2014,18.2005077431,0.0,21.4015637425,17.8602064032,LMET2014
LLYN2014,23.6740625882,18.8113522596,3.81819993025e-15,2.4688449345,LMET2014
LMET2014,22.8952173464,18.0584495341,2.7908144765,0.0,LLYN2014
