,Joyce St NB Cyclists2014,Key Bridge East Cyclists2014,MVT Airport South Cyclists2014,TR Island Cyclists2014,WOD Bon Air East Cyclists2014,WOD East Falls Church Cyclists2014,Best guess:
Joyce St NB Cyclists2014,2.85714285714,20.2538048314,15.7777653813,12.0641301391,24.6889480271,16.8792245429,TR Island Cyclists2014
Key Bridge East Cyclists2014,21.3216427681,5.6676380328e-16,13.8999136492,14.7270972745,25.4500042501,18.5108226574,MVT Airport South Cyclists2014
MVT Airport South Cyclists2014,12.035383496,8.23199557404,0.0,7.21922630851,12.0820163763,8.06770125229,TR Island Cyclists2014
TR Island Cyclists2014,15.0885520054,13.5802474135,9.9855610267,2.85714285714,16.5155692387,10.0419147731,MVT Airport South Cyclists2014
WOD Bon Air East Cyclists2014,26.0391209863,25.4131417038,20.6121825577,19.5132603596,5.71428571429,17.7317443092,WOD East Falls Church Cyclists2014
WOD East Falls Church Cyclists2014,15.3754933748,13.4940223416,12.0359526818,9.81459811672,15.2282502186,2.85714285714,TR Island Cyclists2014
