,CRTZ2014,Mirabel Cyclists2014,PierDup2014,Best guess:
CRTZ2014,0.0,447.349421949,34.095765355,PierDup2014
Mirabel Cyclists2014,20.582475376,2.85714285714,15.8309138846,PierDup2014
PierDup2014,14.3679585608,253.846690824,9.60120792087e-15,CRTZ2014
