,Custis Rosslyn Cyclists2014,Key Bridge West Cyclists2014,LLYN2014,LMET2014,Best guess:
Custis Rosslyn Cyclists2014,2.25094649772e-15,15.4302066945,26.4424192292,24.0797821441,Key Bridge West Cyclists2014
Key Bridge West Cyclists2014,19.021357615,0.0,27.0242230947,23.3169299343,Custis Rosslyn Cyclists2014
LLYN2014,30.3410105164,24.2973936402,5.40911656785e-15,2.62618722044,LMET2014
LMET2014,28.0047373827,21.7696129381,2.77725141243,0.0,LLYN2014
