,Custis Rosslyn Cyclists2014,Key Bridge West Cyclists2014,LLYN2014,LMET2014,Best guess:
Custis Rosslyn Cyclists2014,1.51938888596e-14,15.7018551197,21.2376883869,18.3220343641,Key Bridge West Cyclists2014
Key Bridge West Cyclists2014,18.0767608669,0.0,21.3283004426,17.105039805,LMET2014
LLYN2014,17.881392459,15.1968627251,2.22728329264e-15,2.67741714607,LMET2014
LMET2014,17.6929387965,14.6079615872,2.99886403964,0.0,LLYN2014
