,Joyce St NB Cyclists2014,Key Bridge East Cyclists2014,MVT Airport South Cyclists2014,TR Island Cyclists2014,WOD Bon Air East Cyclists2014,WOD East Falls Church Cyclists2014,Best guess:
Joyce St NB Cyclists2014,0.0,13.9996764047,9.41762814293,6.99289722742,20.6302437317,10.2756876262,TR Island Cyclists2014
Key Bridge East Cyclists2014,17.4442205418,0.0,12.698382118,15.3161145853,30.1275877746,19.570013239,MVT Airport South Cyclists2014
MVT Airport South Cyclists2014,13.9781642895,11.9954100593,0.0,7.57314966495,19.4130991442,10.8756769794,TR Island Cyclists2014
TR Island Cyclists2014,10.6379024842,11.7621882299,6.24309571326,4.79576230959e-16,13.9498395758,5.60701854192,WOD East Falls Church Cyclists2014
WOD Bon Air East Cyclists2014,20.4871387493,21.7227356482,14.9847341999,14.5634798376,5.87777861679e-16,13.2556698921,WOD East Falls Church Cyclists2014
WOD East Falls Church Cyclists2014,15.5810296333,13.7974503571,9.18405391538,7.89533691501,14.4318349904,0.0,TR Island Cyclists2014
