,ALEX2014,Berri12014,COBY2014,CSC2014,Maisonneuve_12014,Maisonneuve_22014,ORPY2014,Parc2014,Totem_Laurier2014,Best guess:
ALEX2014,9.06534788862e-16,9.76176907104,5.51831289535,15.4329632074,12.6631577299,12.7072132579,10.3744111142,17.5728759903,11.8039843951,COBY2014
Berri12014,7.66249963148,1.01243137258e-14,9.7255485517,9.02716590053,4.50990960154,5.36817614519,13.4273083631,10.8987215143,8.98164293488,Maisonneuve_12014
COBY2014,5.77894445776,13.2669698989,1.40575998309e-14,21.5120199601,16.5530919244,17.1097058918,7.5049433181,24.343695244,17.6997896196,ALEX2014
CSC2014,12.2250382623,8.90993086976,16.3872985061,9.84864726912e-15,7.92772552694,7.99208863448,19.6148816292,4.23167833673,10.2666800562,Parc2014
Maisonneuve_12014,8.62390366948,3.57126658249,12.4474970676,7.2353058991,1.34856171493e-14,2.57194891479,16.3362798723,8.04613572549,8.31919262787,Maisonneuve_22014
Maisonneuve_22014,8.81218271998,4.39547781901,12.8494920186,7.09695251381,2.63486076573,0.0,16.7380128526,8.12076038114,7.64539315729,Maisonneuve_12014
ORPY2014,11.786606277,15.8479097559,5.98992314211,25.0819793932,20.5700415125,20.7971659799,3.60325641064e-15,28.0297034205,20.9730335158,COBY2014
Parc2014,13.9316104687,10.9051224182,17.93240323,4.25968453332,8.96426263255,9.38296799078,21.5822638155,0.0,8.40690309343,CSC2014
Totem_Laurier2014,12.4723579968,10.456081012,15.0059733939,10.8334857061,10.8689583282,10.2059824363,21.1540596214,9.31091880932,1.13582474893e-14,Parc2014
