,Joyce St NB Cyclists2014,Key Bridge East Cyclists2014,MVT Airport South Cyclists2014,TR Island Cyclists2014,WOD Bon Air East Cyclists2014,WOD East Falls Church Cyclists2014,Best guess:
Joyce St NB Cyclists2014,0.0,14.9593845048,10.5372811177,8.42995319091,21.2334354238,10.4288409758,TR Island Cyclists2014
Key Bridge East Cyclists2014,17.6617215331,0.0,13.8774495141,18.1081699386,32.2739497083,22.5797976845,MVT Airport South Cyclists2014
MVT Airport South Cyclists2014,12.0767785244,12.811877735,0.0,5.8864436026,18.5068942937,10.0530645457,TR Island Cyclists2014
TR Island Cyclists2014,9.27767044455,12.6526943797,6.25224661728,4.79576230959e-16,14.1305912909,5.50011001866,WOD East Falls Church Cyclists2014
WOD Bon Air East Cyclists2014,20.1759857244,20.6636468822,14.5506535414,13.2585304043,1.17555572336e-15,13.5560074492,TR Island Cyclists2014
WOD East Falls Church Cyclists2014,12.4784864332,13.816842142,8.81146014233,6.25270392045,13.512028873,0.0,TR Island Cyclists2014
