,CRTZ2014,Mirabel Cyclists2014,PierDup2014,Best guess:
CRTZ2014,3.95867801001e-14,197.656167358,62.901502581,PierDup2014
Mirabel Cyclists2014,22.1644094127,2.85714285714,15.959020253,PierDup2014
PierDup2014,15.8201066555,23.2044953066,0.0,CRTZ2014
