,Custis Rosslyn Cyclists2014,Key Bridge West Cyclists2014,LLYN2014,LMET2014,Best guess:
Custis Rosslyn Cyclists2014,0.0,14.0638232126,15.2353804105,15.8253931999,Key Bridge West Cyclists2014
Key Bridge West Cyclists2014,17.5086269013,0.0,12.49207223,12.1093607427,LMET2014
LLYN2014,18.4729778826,12.9414701544,0.0,3.93390050156,LMET2014
LMET2014,21.4515501487,14.1668492033,4.26715557805,0.0,LLYN2014
