,Maisonneuve_12011,Maisonneuve_22011,Parc2011,CSC2011,Berri12011,Rachel12011
Maisonneuve_12011,0.0,162.491712314,324.539236112,1404.786831,15474.3046997,239.006083887
Maisonneuve_22011,329.845971394,2.52637417159e-14,394.876115904,2662.8513909,32781.6515655,230.039918743
Parc2011,360.787345042,224.927350262,1.2631870858e-14,1633.83906851,15813.2769863,180.437471462
CSC2011,306.431704344,266.077964948,315.562565818,1.95793998298e-13,9545.63558628,264.955865661
Berri12011,1123.99794195,1070.49293231,1183.2750685,2681.17568544,3.03164900591e-13,1047.32814462
Rachel12011,466.861140652,236.415953258,308.410904499,2209.73107294,24150.4435336,4.67379221744e-13
