,Maisonneuve_12011,Maisonneuve_22011,Parc2011,Rachel12011
Maisonneuve_12011,0.0,162.491712314,324.539236112,239.006083887
Maisonneuve_22011,329.845971394,2.52637417159e-14,394.876115904,230.039918743
Parc2011,360.787345042,224.927350262,1.2631870858e-14,180.437471462
Rachel12011,466.861140652,236.415953258,308.410904499,4.67379221744e-13
