,CRTZ2014,Mirabel Cyclists2014,MVT Airport South Cyclists2014,PierDup2014,WOD Bon Air East Cyclists2014,WOD East Falls Church Cyclists2014,Best guess:
CRTZ2014,0.0,394.121398868,24.4987242434,19.3583213795,18.767051693,21.1327391156,WOD Bon Air East Cyclists2014
Mirabel Cyclists2014,20.9169196957,2.85714285714,32.1408715105,17.5291420152,30.5001152106,31.64720307,PierDup2014
MVT Airport South Cyclists2014,24.3656085768,1087.71213349,0.0,39.4319675865,12.6131418328,6.89201831086,WOD East Falls Church Cyclists2014
PierDup2014,15.3553516244,244.135814342,28.3392214495,0.0,25.6284879634,28.597081488,CRTZ2014
WOD Bon Air East Cyclists2014,16.5883715121,632.977385416,11.4491698844,33.9889601708,0.0,10.9277365944,WOD East Falls Church Cyclists2014
WOD East Falls Church Cyclists2014,21.1164605792,780.86853165,6.78043621717,42.5901935948,11.6811082228,0.0,MVT Airport South Cyclists2014
