,Custis Rosslyn Cyclists2014,LLYN2014,LMET2014,Best guess:
Custis Rosslyn Cyclists2014,0.0,16.480543918,16.7005273871,LLYN2014
LLYN2014,21.5811343524,0.0,2.69356545102,LMET2014
LMET2014,21.2690675265,2.68359789438,0.0,LLYN2014
