,CRTZ2013,Mirabel Cyclists2013,PierDup2013,Best guess:
CRTZ2013,0.0,35.3712326572,15.2936158927,PierDup2013
Mirabel Cyclists2013,18.7413754776,0.0,10.6691186557,PierDup2013
PierDup2013,12.3687919736,15.2436659709,0.0,CRTZ2013
