,Custis Rosslyn Cyclists2013,Key Bridge West Cyclists2013,LLYN2013,LMET2013,Best guess:
Custis Rosslyn Cyclists2013,0.0,5.1408350354,12.6981081763,11.7916565968,Key Bridge West Cyclists2013
Key Bridge West Cyclists2013,5.60799722269,0.0,16.3826618843,15.386379507,Custis Rosslyn Cyclists2013
LLYN2013,16.0302966663,19.8213613946,0.0,2.00592752955,LMET2013
LMET2013,14.3962200884,18.0206391013,1.93944442118,0.0,LLYN2013
