,Custis Rosslyn Cyclists2013,LLYN2013,LMET2013
Custis Rosslyn Cyclists2013,1.42147870846e-15,21.7558498706,17.8189655737
LLYN2013,22.5191946641,0.0,2.71134919869
LMET2013,21.4253107785,2.80871782081,1.12476288617e-14
Best guess:,LMET2013,LMET2013,LLYN2013