,Joyce St NB Cyclists2014,Key Bridge East Cyclists2014,MVT Airport South Cyclists2014,TR Island Cyclists2014,WOD Bon Air East Cyclists2014,WOD East Falls Church Cyclists2014,Best guess:
Joyce St NB Cyclists2014,0.0,13.0450762116,11.1064219078,9.51703213675,21.5851959855,13.8130388477,TR Island Cyclists2014
Key Bridge East Cyclists2014,11.0683490013,0.0,9.52623775726,10.1821926473,21.6785227214,13.7517010654,MVT Airport South Cyclists2014
MVT Airport South Cyclists2014,9.87960866965,9.3748962033,0.0,6.32684129145,12.6131418328,6.89201831086,TR Island Cyclists2014
TR Island Cyclists2014,8.99302509538,10.4272803736,7.25838763271,0.0,15.6630774266,4.6984747275,WOD East Falls Church Cyclists2014
WOD Bon Air East Cyclists2014,17.6821524142,19.1218410973,11.4491698844,14.3078086916,0.0,10.9277365944,WOD East Falls Church Cyclists2014
WOD East Falls Church Cyclists2014,12.2338824112,12.9509833556,6.78043621717,4.29160321779,11.6811082228,0.0,TR Island Cyclists2014
