,CRTZ2013,CRTZ2013,CRTZ2013,CRTZ2013,CRTZ2013,CRTZ2013,Best guess:
CRTZ2013,2.65059179041e-13,2.65059179041e-13,2.65059179041e-13,2.65059179041e-13,2.65059179041e-13,2.65059179041e-13,NA
CRTZ2013,2.65059179041e-13,2.65059179041e-13,2.65059179041e-13,2.65059179041e-13,2.65059179041e-13,2.65059179041e-13,NA
CRTZ2013,2.65059179041e-13,2.65059179041e-13,2.65059179041e-13,2.65059179041e-13,2.65059179041e-13,2.65059179041e-13,NA
CRTZ2013,2.65059179041e-13,2.65059179041e-13,2.65059179041e-13,2.65059179041e-13,2.65059179041e-13,2.65059179041e-13,NA
CRTZ2013,2.65059179041e-13,2.65059179041e-13,2.65059179041e-13,2.65059179041e-13,2.65059179041e-13,2.65059179041e-13,NA
CRTZ2013,2.65059179041e-13,2.65059179041e-13,2.65059179041e-13,2.65059179041e-13,2.65059179041e-13,2.65059179041e-13,NA
