,CRTZ2013,CRTZ2013,CRTZ2013,CRTZ2013,CRTZ2013,CRTZ2013,Best guess:
CRTZ2013,2.61786843497e-13,2.61786843497e-13,2.61786843497e-13,2.61786843497e-13,2.61786843497e-13,2.61786843497e-13,NA
CRTZ2013,2.61786843497e-13,2.61786843497e-13,2.61786843497e-13,2.61786843497e-13,2.61786843497e-13,2.61786843497e-13,NA
CRTZ2013,2.61786843497e-13,2.61786843497e-13,2.61786843497e-13,2.61786843497e-13,2.61786843497e-13,2.61786843497e-13,NA
CRTZ2013,2.61786843497e-13,2.61786843497e-13,2.61786843497e-13,2.61786843497e-13,2.61786843497e-13,2.61786843497e-13,NA
CRTZ2013,2.61786843497e-13,2.61786843497e-13,2.61786843497e-13,2.61786843497e-13,2.61786843497e-13,2.61786843497e-13,NA
CRTZ2013,2.61786843497e-13,2.61786843497e-13,2.61786843497e-13,2.61786843497e-13,2.61786843497e-13,2.61786843497e-13,NA
