,Custis Rosslyn Cyclists2013,LLYN2013,LMET2013,Best guess:
Custis Rosslyn Cyclists2013,1.42147870846e-15,24.0594314369,21.1911655351,LMET2013
LLYN2013,34.400641032,0.0,1.87300171017,LMET2013
LMET2013,32.8586786584,1.98332315481,4.04914639021e-15,LLYN2013
