,CRTZ2013,CRTZ2013,CRTZ2013,CRTZ2013,CRTZ2013,CRTZ2013,Best guess:
CRTZ2013,2.51969836866e-13,2.51969836866e-13,2.51969836866e-13,2.51969836866e-13,2.51969836866e-13,2.51969836866e-13,NA
CRTZ2013,2.51969836866e-13,2.51969836866e-13,2.51969836866e-13,2.51969836866e-13,2.51969836866e-13,2.51969836866e-13,NA
CRTZ2013,2.51969836866e-13,2.51969836866e-13,2.51969836866e-13,2.51969836866e-13,2.51969836866e-13,2.51969836866e-13,NA
CRTZ2013,2.51969836866e-13,2.51969836866e-13,2.51969836866e-13,2.51969836866e-13,2.51969836866e-13,2.51969836866e-13,NA
CRTZ2013,2.51969836866e-13,2.51969836866e-13,2.51969836866e-13,2.51969836866e-13,2.51969836866e-13,2.51969836866e-13,NA
CRTZ2013,2.51969836866e-13,2.51969836866e-13,2.51969836866e-13,2.51969836866e-13,2.51969836866e-13,2.51969836866e-13,NA
