,CRTZ2013,CRTZ2013,CRTZ2013,CRTZ2013,CRTZ2013,CRTZ2013,Best guess:
CRTZ2013,1.30893421749e-13,1.30893421749e-13,1.30893421749e-13,1.30893421749e-13,1.30893421749e-13,1.30893421749e-13,NA
CRTZ2013,1.30893421749e-13,1.30893421749e-13,1.30893421749e-13,1.30893421749e-13,1.30893421749e-13,1.30893421749e-13,NA
CRTZ2013,1.30893421749e-13,1.30893421749e-13,1.30893421749e-13,1.30893421749e-13,1.30893421749e-13,1.30893421749e-13,NA
CRTZ2013,1.30893421749e-13,1.30893421749e-13,1.30893421749e-13,1.30893421749e-13,1.30893421749e-13,1.30893421749e-13,NA
CRTZ2013,1.30893421749e-13,1.30893421749e-13,1.30893421749e-13,1.30893421749e-13,1.30893421749e-13,1.30893421749e-13,NA
CRTZ2013,1.30893421749e-13,1.30893421749e-13,1.30893421749e-13,1.30893421749e-13,1.30893421749e-13,1.30893421749e-13,NA
