,ALEX2014,Berri12014,COBY2014,CSC2014,Maisonneuve_12014,Maisonneuve_22014,ORPY2014,Parc2014,Totem_Laurier2014,Best guess:
ALEX2014,9.06534788862e-16,9.96123412447,5.87538034303,15.1712850697,13.0513729423,12.5308756005,10.235669658,17.42188423,11.3757298015,COBY2014
Berri12014,7.66249963148,1.01243137258e-14,9.7255485517,9.02716590053,4.50990960154,5.36817614519,13.4273083631,10.8987215143,8.98164293488,Maisonneuve_12014
COBY2014,7.0938919272,14.2098498973,1.35369479853e-14,22.4687189977,17.7384902934,17.9282919296,7.35593463569,25.4406778249,17.9212342637,ALEX2014
CSC2014,12.2250382623,8.90993086976,16.3872985061,9.84864726912e-15,7.92772552694,7.99208863448,19.6148816292,4.23167833673,10.2666800562,Parc2014
Maisonneuve_12014,8.62390366948,3.57126658249,12.4474970676,7.2353058991,1.34856171493e-14,2.57194891479,16.3362798723,8.04613572549,8.31919262787,Maisonneuve_22014
Maisonneuve_22014,8.81218271998,4.39547781901,12.8494920186,7.09695251381,2.63486076573,0.0,16.7380128526,8.12076038114,7.64539315729,Maisonneuve_12014
ORPY2014,11.3660465709,15.837564301,5.74232620229,24.7719167623,20.5327377935,20.5456909794,3.60325641064e-15,27.7927734866,20.2944218223,COBY2014
Parc2014,13.9316104687,10.9051224182,17.93240323,4.25968453332,8.96426263255,9.38296799078,21.5822638155,0.0,8.40690309343,CSC2014
Totem_Laurier2014,12.3530529563,10.8744179745,14.8758085725,11.2621825895,11.464907488,10.4877180289,20.8159819875,9.70017352512,1.27780284255e-14,Parc2014
