,ALEX2014,Berri12014,COBY2014,CSC2014,Maisonneuve_12014,Maisonneuve_22014,ORPY2014,Parc2014,Totem_Laurier2014,Best guess:
ALEX2014,0.0,6.94506244572,5.89789715555,14.1776331494,7.88983268538,8.72928945361,9.50651601213,15.5187730413,9.74633907046,COBY2014
Berri12014,8.41107567308,0.0,12.166918381,8.74857331296,3.76189612713,4.06076064942,16.0098357214,9.13017297737,8.48638965539,Maisonneuve_12014
COBY2014,5.72924383384,11.3708518448,0.0,20.7052543332,15.6564140626,15.6623790628,5.39559172203,22.4387502475,17.6831782561,ORPY2014
CSC2014,15.0340558443,9.51408420023,20.4633858029,0.0,7.85504500458,7.53085460942,23.2916322362,4.55585605211,12.2520721954,Parc2014
Maisonneuve_12014,9.47095166767,3.91629124293,15.6899676819,7.60300363371,0.0,2.69237443074,18.4633325752,7.404182828,7.23623581816,Maisonneuve_22014
Maisonneuve_22014,10.3045547792,4.26506383471,15.7095318861,7.23222602113,2.77413028152,0.0,18.3122547574,7.43206245989,6.81381268282,Maisonneuve_12014
ORPY2014,9.80656888659,15.4737474339,5.8870852441,24.5889386879,17.5096329628,17.3644604015,0.0,26.4316763661,19.9979123005,COBY2014
Parc2014,16.5655653357,10.4637986548,21.3636385645,4.66385410718,7.82335769516,7.8684582576,25.6087856776,0.0,11.0071977469,CSC2014
Totem_Laurier2014,11.397104207,8.3685581045,18.2683240241,11.2604951888,6.71259858373,6.33016712529,19.6772945347,10.0937799759,0.0,Maisonneuve_22014
