,Custis Rosslyn Cyclists2014,Key Bridge West Cyclists2014,LLYN2014,LMET2014,Best guess:
Custis Rosslyn Cyclists2014,0.0,14.8402491232,16.480543918,16.7005273871,Key Bridge West Cyclists2014
Key Bridge West Cyclists2014,18.0331449057,0.0,14.0724050273,14.2013419045,LLYN2014
LLYN2014,21.5811343524,17.5214371555,0.0,2.69356545102,LMET2014
LMET2014,21.2690675265,17.3203673329,2.68359789438,0.0,LLYN2014
