,CRTZ2014,Mirabel Cyclists2014,PierDup2014,Best guess:
CRTZ2014,0.0,394.121398868,19.3583213795,PierDup2014
Mirabel Cyclists2014,20.9169196957,2.85714285714,17.5291420152,PierDup2014
PierDup2014,15.3553516244,244.135814342,0.0,CRTZ2014
